[
  {
    "content": "წუნია",
    "answer": "picky"
  },
  {
    "content": "კლასგარეშე აქტივობა",
    "answer": "extracurricular activities"
  },
  {
    "content": "შორის",
    "answer": "among"
  },
  {
    "content": "დაწევა",
    "answer": "catch up"
  },
  {
    "content": "შეჯიბრის მოყვარული",
    "answer": "competitive"
  },
  {
    "content": "ადამიანი დიდი ამბიციებით",
    "answer": "high-flyer"
  },
  {
    "content": "ვინც მუდმივად საკუთარ გარეგნობაზე ზრუნავს",
    "answer": "prep"
  },
  {
    "content": "შრომისმოყვარე",
    "answer": "hard-working"
  },
  {
    "content": "უპირატესობის მინიჭება",
    "answer": "prefer"
  },
  {
    "content": "მონაწილეობის მიღება",
    "answer": "take part in"
  },
  {
    "content": "მხოლოდ,უბრალოდ",
    "answer": "Just"
  },
  {
    "content": "კომპიუტერზე შეშლილი",
    "answer": "Computer geek"
  },
  {
    "content": "დიდი ხანია არ გამიგია",
    "answer": "long time no hear"
  },
  {
    "content": "უმეტესი",
    "answer": "Most"
  },
  {
    "content": "გენიოსი,ძალიან ჭკვიანი",
    "answer": "Ingenious"
  },
  {
    "content": "კვლევა",
    "answer": "research"
  },
  {
    "content": "შენ შეიძლება დაუძახო მათ მოდის მსხვერპლი",
    "answer": "you might call them fashion victims"
  },
  {
    "content": "რეპეტიცია",
    "answer": "rehearse"
  },
  {
    "content": "მიდევნება",
    "answer": "keep up with"
  },
  {
    "content": "აღება",
    "answer": "pick up"
  },
  {
    "content": "მორგება",
    "answer": "fit in"
  },
  {
    "content": "მიღწევა",
    "answer": "reach to"
  },
  {
    "content": "სუფთა",
    "answer": "neat"
  },
  {
    "content": "თუმცა",
    "answer": "although"
  },
  {
    "content": "გასართობი",
    "answer": "pastime"
  },
  {
    "content": "კარგი ყოფაქცევის",
    "answer": "well-behaved"
  },
  {
    "content": "ხვალ",
    "answer": "tomorrow"
  },
  {
    "content": "მოდის მიმდევარი",
    "answer": "fashion conscious"
  },
  {
    "content": "იმედი",
    "answer": "hope"
  },
  {
    "content": "არჩევა",
    "answer": "pick out"
  },
  {
    "content": "ეტიკეტები",
    "answer": "labels"
  },
  {
    "content": "სინამდვილეში",
    "answer": "actually"
  },
  {
    "content": "ზოგადად",
    "answer": "Generally"
  },
  {
    "content": "ზუსტად",
    "answer": "definitely"
  }
]