[
  {
    "content": "a little bit",
    "answer": "ცოტა"
  },
  {
    "content": "A little afraid",
    "answer": "ცოტა შეშინებული.."
  },
  {
    "content": "cloudy",
    "answer": "ღრუბლიანი"
  },
  {
    "content": "During",
    "answer": "განმავლობაში"
  },
  {
    "content": "Job",
    "answer": "სამსახური"
  },
  {
    "content": "During the break",
    "answer": "შესვენების განმავლობაში"
  },
  {
    "content": "tall and slim",
    "answer": "მაღალი და გამხდარი"
  },
  {
    "content": "school bell",
    "answer": "სკოლის ზარი"
  },
  {
    "content": "In front of",
    "answer": "წინ"
  },
  {
    "content": "patient",
    "answer": "მომთმენი"
  },
  {
    "content": "Afraid of",
    "answer": "შიში"
  },
  {
    "content": "kind and clever",
    "answer": "კეთილი და ჭკვიანი"
  },
  {
    "content": "Dark",
    "answer": "ბნელი"
  },
  {
    "content": "brave",
    "answer": "მამაცი"
  },
  {
    "content": "scary",
    "answer": "საშიში"
  },
  {
    "content": "pocket",
    "answer": "ჯიბე"
  },
  {
    "content": "strange",
    "answer": "უცნაური"
  },
  {
    "content": "red , reddish hair",
    "answer": "წითელი , ცოტა წითური თმა"
  },
  {
    "content": "an old building",
    "answer": "ძველი შენობა"
  }
]