[
  {
    "content": "anfangen, fängt an, hat angefangen",
    "answer": "begin"
  },
  {
    "content": "der Apfel, ¨-",
    "answer": "apple"
  },
  {
    "content": "abschließen",
    "answer": "complete"
  },
  {
    "content": "der Anruf, -e",
    "answer": "call"
  },
  {
    "content": "anbieten, bietet an",
    "answer": "offer"
  },
  {
    "content": "anmelden (sich),",
    "answer": "register"
  },
  {
    "content": "abgeben",
    "answer": "take"
  },
  {
    "content": "die ampel, -n",
    "answer": "traffic light"
  },
  {
    "content": "der Anzug, ¨-e",
    "answer": "men's suit"
  },
  {
    "content": "hat angeboten das Angebot, -e",
    "answer": "offered, offer"
  },
  {
    "content": "achtung",
    "answer": "danger"
  },
  {
    "content": "die Anzeige, -n",
    "answer": "advertisement"
  },
  {
    "content": "die ahnung, -en",
    "answer": "idea"
  },
  {
    "content": "abholen,holt ab",
    "answer": "hand over"
  },
  {
    "content": "die Angst, ¨-e",
    "answer": "fear"
  },
  {
    "content": "die Anmeldung,-en",
    "answer": "registration"
  }
]