[
  {
    "content": "das Auge, -n",
    "answer": "Er hat blaue Augen.\nMein rechtes Auge tut seit Sonntag weh."
  },
  {
    "content": "aussteigen, steigt aus,  ist ausgestiegen",
    "answer": "Wo müssen wir aussteigen? – An der nächsten Haltestelle."
  },
  {
    "content": "der Arm, -e",
    "answer": "Mein Arm tut weh"
  },
  {
    "content": "der Ausgang, ¨-e",
    "answer": "Entschuldigung, wo ist der Ausgang?"
  },
  {
    "content": "ausgehen, geht aus, ist ausgegangen",
    "answer": "Gehen wir am Freitag zusammen aus?\nPlötzlich ist das Licht ausgegangen."
  },
  {
    "content": "ausfüllen,",
    "answer": "Füllen Sie/Füll bitte dieses Formular aus"
  },
  {
    "content": "der Aufzug, ¨-e",
    "answer": "In diesem Haus gibt es keinen Aufzug.\nDer Aufzug ist leider kaputt."
  },
  {
    "content": "arbeiten, arbeitet, hat gearbeitet",
    "answer": "Wo arbeiten Sie?  Ich arbeite als Krankenschwester in einem\nKrankenhaus"
  },
  {
    "content": "ärgern (sich), ärgert,hat geärgert",
    "answer": "Warum ärgerst du dich? \n- Ich ärgere mich, weil das Wetter schlecht ist."
  },
  {
    "content": "außerdem",
    "answer": "Vier Brötchen, möchten Sie außerdem noch etwas?"
  },
  {
    "content": "die Auskunft, ¨-e",
    "answer": "Wo ist die Auskunft?\nKönnen Sie mir bitte eine Auskunft geben?"
  },
  {
    "content": "aufräumen, räumt auf,\nhat aufgeräumt",
    "answer": "Die Kinder müssen ihr Zimmer aufräumen."
  },
  {
    "content": "aussehen",
    "answer": "Wie sieht er aus? - Groß und blond"
  },
  {
    "content": "ausruhen (sich)\nhat ausgeruht",
    "answer": "ruht aus, Ruh dich erst mal aus! Du bist sicher müde.\nEr ruht sich nach der Arbeit immer aus."
  },
  {
    "content": "außerhalb",
    "answer": "Die Wohnung ist nicht in der Stadt, sie liegt etwas\naußerhalb."
  },
  {
    "content": "aufpassen,",
    "answer": "Pass auf, der Teller fällt gleich auf den Boden!\nDer Babysitter passt heute Abend auf die Kinder\nauf."
  },
  {
    "content": "außer",
    "answer": "Außer Lisa möchte niemand den Film sehen.\nWir haben täglich außer Samstag geöffnet."
  },
  {
    "content": "ausgeben, gibt aus, hat ausgegeben",
    "answer": "Agata gibt viel Geld für Bücher aus.\nIch möchte nicht so viel Geld ausgeben."
  },
  {
    "content": "arm",
    "answer": "Sie haben nicht viel Geld, sie sind arm."
  },
  {
    "content": "aufregend",
    "answer": "Die letzte Woche war sehr aufregend.\nDer Film ist nicht besonders aufregen"
  },
  {
    "content": "der Apparat, -e",
    "answer": "Was machen wir mit deinem alten Apparat?"
  }
]