[
  {
    "content": "arm\nder Arm, -e",
    "answer": "მკლავი დაღარიბი"
  },
  {
    "content": "aussteigen\nsteigt aus,\nist ausgestiegen",
    "answer": "exit"
  },
  {
    "content": "austragen\nträgt aus,\nhat ausgetragen",
    "answer": "მიწოდება"
  },
  {
    "content": "ärgern (sich),ärgert,hat geärgert",
    "answer": "worry"
  },
  {
    "content": "das Auge, -n",
    "answer": "eye"
  },
  {
    "content": "außerhalb",
    "answer": "outside"
  },
  {
    "content": "aufhören, hört auf, hat aufgehört",
    "answer": "stop,stopped"
  },
  {
    "content": "aufregend",
    "answer": "exciting"
  },
  {
    "content": "aufräumen\nräumt auf,\nhat aufgeräumt",
    "answer": "clean up"
  },
  {
    "content": "der Aufzug, ¨-e",
    "answer": "elevator"
  },
  {
    "content": "ausfüllen\nfüllt aus,\nhat ausgefüllt",
    "answer": "fill out"
  },
  {
    "content": "aufpassen, passt auf",
    "answer": "watch out"
  },
  {
    "content": "auspacken,packt aus,hat ausgepackt",
    "answer": "unpack"
  },
  {
    "content": "ausgeben,gibt aus, hat ausgegeben",
    "answer": "spend"
  },
  {
    "content": "ausruhen (sich)\nruht aus\nhat ausgeruht",
    "answer": "relax"
  },
  {
    "content": "die Ausstellung,-en",
    "answer": "გამოფენა"
  },
  {
    "content": "der Ausgang, ¨-e",
    "answer": "exit"
  },
  {
    "content": "außerdem",
    "answer": "ამის გარდა"
  },
  {
    "content": "die Auskunft, ¨-e",
    "answer": "information"
  }
]