[
  {
    "content": "P.E\nPhysical education",
    "answer": "ფიზიკური აღზრდა,სპორტი"
  },
  {
    "content": "History",
    "answer": "ისტორია"
  },
  {
    "content": "Music",
    "answer": "მუსიკა"
  },
  {
    "content": "Maths",
    "answer": "მათემატიკა"
  },
  {
    "content": "I.T\nInformation Technology",
    "answer": "ინფორმაციული ტექნოლოგიები"
  },
  {
    "content": "science",
    "answer": "მეცნიერება"
  },
  {
    "content": "Geography",
    "answer": "გეოგრაფია"
  },
  {
    "content": "Art",
    "answer": "ხელოვნება"
  },
  {
    "content": "Geography",
    "answer": "გეოგრაფია"
  },
  {
    "content": "English",
    "answer": "ინგლისური"
  }
]