[
  {
    "content": "აფრენა",
    "answer": "abfliegen\nfliegt ab \nflog ab \nost abgeflogen"
  },
  {
    "content": "მოსვლა",
    "answer": "ankommen\nkommt an \nkam an\nangekommen"
  },
  {
    "content": "დაწყება",
    "answer": "anfangen \nfängt an\nfing an\nangefangen"
  },
  {
    "content": "შეთავაზება",
    "answer": "anbieten \nbietet an\nbot  an\nhat angeboten"
  },
  {
    "content": "გამგზავრება",
    "answer": "abfahren\n fährt ab\n fuhr ab\nist abgefahren"
  },
  {
    "content": "ზარი",
    "answer": "anrufen \nfuft an \nrief an \nhat angerufen"
  },
  {
    "content": "დასრულება",
    "answer": "abschließen\nschließt ab \nschloss ab\nhat abgeschlossen"
  },
  {
    "content": "ჩაბარება, გადაცემა",
    "answer": "abgeneben\ngibt ab\ngab ab\nhat abgegeben"
  },
  {
    "content": "ნახვა",
    "answer": "ansehen sieht an sah an hat angesehen"
  }
]
