[
  {
    "content": "bäume/ baum",
    "answer": "ხეები,ხე"
  },
  {
    "content": "zeigen",
    "answer": "ჩვენება"
  },
  {
    "content": "gemütlich",
    "answer": "გაბუტული"
  },
  {
    "content": "meistens",
    "answer": "ძირითადად"
  },
  {
    "content": "schmuck",
    "answer": "სამკაული"
  },
  {
    "content": "traurig",
    "answer": "სევდიანი"
  },
  {
    "content": "reden",
    "answer": "საუბარი"
  },
  {
    "content": "der affe",
    "answer": "მაიმუნი"
  },
  {
    "content": "freuen sich",
    "answer": "სიხარული"
  },
  {
    "content": "nebem den",
    "answer": "გვერდით"
  },
  {
    "content": "einige",
    "answer": "ზოგიერთი"
  },
  {
    "content": "zeichnen",
    "answer": "ხატვა"
  },
  {
    "content": "besonders",
    "answer": "განსაკუთრებით"
  },
  {
    "content": "lachen",
    "answer": "სიცილი"
  },
  {
    "content": "fressen",
    "answer": "ჭამა"
  },
  {
    "content": "der unterricht",
    "answer": "ინსტრუქცია"
  },
  {
    "content": "spülmaschine",
    "answer": "ჭურჭლის სარეცხი მანქანა"
  },
  {
    "content": "empfangen",
    "answer": "welcome, to greet"
  },
  {
    "content": "wohl",
    "answer": "ალბათ"
  },
  {
    "content": "in der mitte",
    "answer": "შუაში"
  },
  {
    "content": "Im Keller /  der keller",
    "answer": "სარდაფში"
  },
  {
    "content": "der korb",
    "answer": "კალათა"
  }
]